Bus_name,Bus_type,Start_time,End_time,Total_duration,Price,Seats_Available,Ratings,Route_link,Route_name
MMK Travels,A/C Seater / Sleeper (2+1),22:30,07:30,09h 00m,INR 750,23 Seats available,"4.3
516",https://www.redbus.in/bus-tickets/bangalore-to-kozhikode,Bangalore to Kozhikode
Kyros Connect,Bharat Benz A/C Semi Sleeper (2+2),23:00,09:00,10h 00m,INR 699,33 Seats available,"4.3
348",https://www.redbus.in/bus-tickets/bangalore-to-kozhikode,Bangalore to Kozhikode
SAAM BUS,VE A/C Sleeper (2+1),18:40,06:45,12h 05m,INR 850,13 Seats available,"4.3
193",https://www.redbus.in/bus-tickets/bangalore-to-kozhikode,Bangalore to Kozhikode
AdSURAJ TRAVEL HOUSE,VE A/C Seater / Sleeper (2+1),21:00,07:30,10h 30m,600,28 Seats available,"3.4
139",https://www.redbus.in/bus-tickets/bangalore-to-kozhikode,Bangalore to Kozhikode
NS Transports,VE A/C Sleeper (2+1),22:45,07:30,08h 45m,INR 999,13 Seats available,"4.1
291",https://www.redbus.in/bus-tickets/bangalore-to-kozhikode,Bangalore to Kozhikode
NS Transports,Non A/C Seater / Sleeper (2+1),21:45,06:10,08h 25m,INR 749,26 Seats available,"4.1
284",https://www.redbus.in/bus-tickets/bangalore-to-kozhikode,Bangalore to Kozhikode
P K Travels,A/C Sleeper (2+1),18:45,06:30,11h 45m,INR 900,23 Seats available,"4.2
112",https://www.redbus.in/bus-tickets/bangalore-to-kozhikode,Bangalore to Kozhikode
NS Transports,Non A/C Seater / Sleeper (2+1),22:15,06:30,08h 15m,INR 749,22 Seats available,"4.1
121",https://www.redbus.in/bus-tickets/bangalore-to-kozhikode,Bangalore to Kozhikode
DLT BUS,A/C Sleeper (2+1),22:30,07:30,09h 00m,INR 900,15 Seats available,"3.9
313",https://www.redbus.in/bus-tickets/bangalore-to-kozhikode,Bangalore to Kozhikode
Suraj Holidays,VE A/C Sleeper (2+1),22:30,07:30,09h 00m,800,17 Seats available,"3.9
267",https://www.redbus.in/bus-tickets/bangalore-to-kozhikode,Bangalore to Kozhikode
A1 Travels,A/C Seater / Sleeper (2+1),20:05,23:59,03h 54m,INR 700,27 Seats available,"3.4
88",https://www.redbus.in/bus-tickets/kozhikode-to-ernakulam,Kozhikode to Ernakulam
A1 Travels,NON A/C Semi Sleeper (2+2),21:00,01:30,04h 30m,INR 600,22 Seats available,"4.1
33",https://www.redbus.in/bus-tickets/kozhikode-to-ernakulam,Kozhikode to Ernakulam
Arjun Holidays,A/C Seater Push Back (2+2),21:50,02:50,05h 00m,INR 749,19 Seats available,3.7,https://www.redbus.in/bus-tickets/kozhikode-to-ernakulam,Kozhikode to Ernakulam
A1 Travels,Bharat Benz A/C Seater /Sleeper (2+1),22:30,01:29,02h 59m,INR 750,35 Seats available,"3.2
28",https://www.redbus.in/bus-tickets/kozhikode-to-ernakulam,Kozhikode to Ernakulam
LIYAS TOURS,Bharat Benz A/C Sleeper (2+1),23:05,03:15,04h 10m,899,18 Seats available,"3.8
6",https://www.redbus.in/bus-tickets/kozhikode-to-ernakulam,Kozhikode to Ernakulam
Madhavi Travels,Volvo Multi-Axle I-Shift B11R Semi Sleeper (2+2),23:30,02:35,03h 05m,759,24 Seats available,"4.1
6",https://www.redbus.in/bus-tickets/kozhikode-to-ernakulam,Kozhikode to Ernakulam
Madhavi Travels,Volvo Multi-Axle I-Shift B11R Semi Sleeper (2+2),23:30,03:10,03h 40m,759,42 Seats available,4.0,https://www.redbus.in/bus-tickets/kozhikode-to-ernakulam,Kozhikode to Ernakulam
Madhavi Travels,A/C Sleeper (2+1),23:30,05:00,05h 30m,INR 899,13 Seats available,4.0,https://www.redbus.in/bus-tickets/kozhikode-to-ernakulam,Kozhikode to Ernakulam
Sonia Travels,A/C Seater/Sleeper (2+1),23:30,04:29,04h 59m,INR 700,13 Seats available,4.2,https://www.redbus.in/bus-tickets/kozhikode-to-ernakulam,Kozhikode to Ernakulam
Holy Maria Travels,A/C Semi Sleeper (2+2),23:30,04:00,04h 30m,INR 800,34 Seats available,3.6,https://www.redbus.in/bus-tickets/kozhikode-to-ernakulam,Kozhikode to Ernakulam
Shajees Motors,A/C Semi Sleeper (2+2),19:30,00:40,05h 10m,INR 600,5 Seats available,"3.4
41",https://www.redbus.in/bus-tickets/ernakulam-to-kozhikode,Ernakulam to Kozhikode
Ubc travels,A/C Semi Sleeper (2+2),20:40,01:00,04h 20m,INR 900,25 Seats available,"3.0
11",https://www.redbus.in/bus-tickets/ernakulam-to-kozhikode,Ernakulam to Kozhikode
Kalpaka Travels 1,A/C Sleeper (2+1),20:55,02:30,05h 35m,INR 800,5 Seats available,"5.0
22",https://www.redbus.in/bus-tickets/ernakulam-to-kozhikode,Ernakulam to Kozhikode
Sheraton Tours and Travels,A/C Seater/Sleeper (2+1),21:00,01:45,04h 45m,580,18 Seats available,"5.0
4",https://www.redbus.in/bus-tickets/ernakulam-to-kozhikode,Ernakulam to Kozhikode
Jacobs Travels,A/C Semi Sleeper (2+2),21:00,02:30,05h 30m,INR 700,18 Seats available,3.0,https://www.redbus.in/bus-tickets/ernakulam-to-kozhikode,Ernakulam to Kozhikode
UFO Bus,A/C Sleeper (2+1),21:15,02:45,05h 30m,789,17 Seats available,3.8,https://www.redbus.in/bus-tickets/ernakulam-to-kozhikode,Ernakulam to Kozhikode
Cochin Express,Volvo Multi-Axle B9R A/c Semi Sleeper (2+2),21:15,02:20,05h 05m,INR 700,13 Seats available,4.4,https://www.redbus.in/bus-tickets/ernakulam-to-kozhikode,Ernakulam to Kozhikode
Cochin Express,A/C Sleeper (2+1),21:15,02:30,05h 15m,INR 900,5 Seats available,"4.4
6",https://www.redbus.in/bus-tickets/ernakulam-to-kozhikode,Ernakulam to Kozhikode
UFO Bus,A/C Sleeper (2+1),21:15,02:45,05h 30m,800,26 Seats available,3.8,https://www.redbus.in/bus-tickets/ernakulam-to-kozhikode,Ernakulam to Kozhikode
Sonia Travels,A/C Semi Sleeper (2+2),21:20,02:30,05h 10m,INR 600,14 Seats available,3.7,https://www.redbus.in/bus-tickets/ernakulam-to-kozhikode,Ernakulam to Kozhikode
KSRTC (Kerala) - 136,Swift Deluxe Non AC Air Bus (2+2),20:30,04:25,07h 55m,INR 568,31 Seats available,"3.3
25",https://www.redbus.in/bus-tickets/bangalore-to-kannur,Bangalore to Kannur
KSRTC (Kerala) - 98,Swift Deluxe Non AC Air Bus (2+2),21:30,05:45,08h 15m,INR 579,10 Seats available,"3.7
48",https://www.redbus.in/bus-tickets/bangalore-to-kannur,Bangalore to Kannur
KSRTC (Kerala) - 1767,Super Express Non AC Seater Air Bus (2+2),23:01,06:46,07h 45m,INR 568,21 Seats available,"3.6
50",https://www.redbus.in/bus-tickets/bangalore-to-kannur,Bangalore to Kannur
NS Transports,A/C Sleeper (2+1),22:15,05:35,07h 20m,INR 999,15 Seats available,"4.5
261",https://www.redbus.in/bus-tickets/bangalore-to-kannur,Bangalore to Kannur
GOLDEN TRAVEL AGENCIES,Volvo A/C Semi Sleeper (2+2),22:45,04:45,06h 00m,INR 899,25 Seats available,"4.5
216",https://www.redbus.in/bus-tickets/bangalore-to-kannur,Bangalore to Kannur
MMK Travels,VE A/C Seater / Sleeper (2+1),22:15,05:30,07h 15m,INR 700,28 Seats available,"4.4
318",https://www.redbus.in/bus-tickets/bangalore-to-kannur,Bangalore to Kannur
Kalpaka Travels,A/C Sleeper (2+1),22:10,05:00,06h 50m,INR 1100,17 Seats available,"4.3
167",https://www.redbus.in/bus-tickets/bangalore-to-kannur,Bangalore to Kannur
GOLDEN TRAVEL AGENCIES,A/C Sleeper (2+1),21:45,05:25,07h 40m,INR 999,15 Seats available,"4.3
121",https://www.redbus.in/bus-tickets/bangalore-to-kannur,Bangalore to Kannur
NS Transports,NON A/C Sleeper (2+1),22:45,05:20,06h 35m,INR 849,11 Seats available,"4.1
220",https://www.redbus.in/bus-tickets/bangalore-to-kannur,Bangalore to Kannur
SAAM BUS,VE A/C Sleeper (2+1),19:45,04:45,09h 00m,INR 850,18 Seats available,"4.1
107",https://www.redbus.in/bus-tickets/bangalore-to-kannur,Bangalore to Kannur
Sugama Tourist,A/C Sleeper (2+1),22:00,05:30,07h 30m,INR 800,21 Seats available,"4.0
169",https://www.redbus.in/bus-tickets/bangalore-to-kannur,Bangalore to Kannur
P K Travels,NON A/C Semi Sleeper (2+2),21:45,05:00,07h 15m,630,22 Seats available,"3.9
72",https://www.redbus.in/bus-tickets/bangalore-to-kannur,Bangalore to Kannur
NS Transports,Non A/C Seater / Sleeper (2+1),22:00,06:00,08h 00m,INR 749,23 Seats available,"3.9
260",https://www.redbus.in/bus-tickets/bangalore-to-kannur,Bangalore to Kannur
KSRTC (Kerala) - 709,Super Fast Non AC Seater (2+3),10:30,16:30,06h 00m,INR 285,9 Seats available,"3.4
9",https://www.redbus.in/bus-tickets/kozhikode-to-mysore,Kozhikode to Mysore
KSRTC (Kerala) - 932,Super Fast Non AC Seater (2+3),11:15,17:00,05h 45m,INR 273,16 Seats available,"3.4
6",https://www.redbus.in/bus-tickets/kozhikode-to-mysore,Kozhikode to Mysore
KSRTC (Kerala) - 1076,Super Fast Non AC Seater (2+3),13:00,19:15,06h 15m,INR 285,2 Seats available,"4.4
10",https://www.redbus.in/bus-tickets/kozhikode-to-mysore,Kozhikode to Mysore
KSRTC (Kerala) - 897,Super Fast Non AC Seater (2+3),15:01,21:30,06h 29m,INR 273,5 Seats available,"3.6
8",https://www.redbus.in/bus-tickets/kozhikode-to-mysore,Kozhikode to Mysore
KSRTC (Kerala) - 708,Super Fast Non AC Seater (2+3),16:01,22:25,06h 24m,INR 285,28 Seats available,"4.1
4",https://www.redbus.in/bus-tickets/kozhikode-to-mysore,Kozhikode to Mysore
KSRTC (Kerala) - 898,Super Fast Non AC Seater (2+3),16:30,22:15,05h 45m,INR 273,7 Seats available,"4.8
11",https://www.redbus.in/bus-tickets/kozhikode-to-mysore,Kozhikode to Mysore
KSRTC (Kerala) - 2959,Super Fast Non AC Seater (2+3),20:47,02:52,06h 05m,INR 688,27 Seats available,3.7,https://www.redbus.in/bus-tickets/kozhikode-to-mysore,Kozhikode to Mysore
Kyros Connect,Bharat Benz A/C Semi Sleeper (2+2),13:15,19:15,06h 00m,INR 899,29 Seats available,"4.7
23",https://www.redbus.in/bus-tickets/kozhikode-to-mysore,Kozhikode to Mysore
Orange Tours And Travels,Bharat Benz A/C Sleeper (2+1),14:00,20:30,06h 30m,INR 1200,21 Seats available,"3.3
6",https://www.redbus.in/bus-tickets/kozhikode-to-mysore,Kozhikode to Mysore
Bharathi Travels,A/C Sleeper (2+1),15:00,21:00,06h 00m,INR 1692,9 Seats available,3.1,https://www.redbus.in/bus-tickets/kozhikode-to-mysore,Kozhikode to Mysore
CHANCHALAS TOURS AND TRAVELS,A/C Semi Sleeper (2+2),15:30,21:10,05h 40m,3799,1 Seat available,4.2,https://www.redbus.in/bus-tickets/kozhikode-to-mysore,Kozhikode to Mysore
A1 Travels,A/C Seater / Sleeper (2+1),20:00,04:00,08h 00m,INR 1200,18 Seats available,3.2,https://www.redbus.in/bus-tickets/kozhikode-to-mysore,Kozhikode to Mysore
SAAM BUS,VE A/C Sleeper (2+1),20:30,04:00,07h 30m,INR 1650,21 Seats available,4.2,https://www.redbus.in/bus-tickets/kozhikode-to-mysore,Kozhikode to Mysore
MMK Travels,A/C Sleeper (2+1),20:30,03:00,06h 30m,INR 1899,20 Seats available,4.2,https://www.redbus.in/bus-tickets/kozhikode-to-mysore,Kozhikode to Mysore
National travels and logistics,NON A/C Sleeper (2+1),20:45,04:00,07h 15m,INR 1290,15 Seats available,"3.8
7",https://www.redbus.in/bus-tickets/kozhikode-to-mysore,Kozhikode to Mysore
SKS Tours & Travels,A/C Sleeper (2+1),21:00,04:00,07h 00m,INR 2099,21 Seats available,4.0,https://www.redbus.in/bus-tickets/kozhikode-to-mysore,Kozhikode to Mysore
Sam Tourist,NON AC Seater / Sleeper 2+1,21:00,04:00,07h 00m,INR 1299,29 Seats available,3.1,https://www.redbus.in/bus-tickets/kozhikode-to-mysore,Kozhikode to Mysore
BLM Transports,A/C Sleeper (2+1),22:00,07:00,09h 00m,979,16 Seats available,"3.5
108",https://www.redbus.in/bus-tickets/kozhikode-to-thiruvananthapuram,Kozhikode to Thiruvananthapuram
A1 Travels,A/C Seater / Sleeper (2+1),20:05,05:30,09h 25m,INR 700,23 Seats available,"3.9
215",https://www.redbus.in/bus-tickets/kozhikode-to-thiruvananthapuram,Kozhikode to Thiruvananthapuram
Madhavi Travels,A/C Sleeper (2+1),22:20,06:30,08h 10m,INR 1499,11 Seats available,"3.5
75",https://www.redbus.in/bus-tickets/kozhikode-to-thiruvananthapuram,Kozhikode to Thiruvananthapuram
LIYAS TOURS,Bharat Benz A/C Sleeper (2+1),23:05,07:40,08h 35m,999,17 Seats available,"3.5
43",https://www.redbus.in/bus-tickets/kozhikode-to-thiruvananthapuram,Kozhikode to Thiruvananthapuram
A1 Travels,Bharat Benz A/C Seater /Sleeper (2+1),22:15,05:45,07h 30m,INR 800,16 Seats available,"2.2
94",https://www.redbus.in/bus-tickets/kozhikode-to-thiruvananthapuram,Kozhikode to Thiruvananthapuram
Blue Bird Travels,A/C Seater Push Back (2+2),21:40,06:00,08h 20m,INR 849,35 Seats available,"2.5
66",https://www.redbus.in/bus-tickets/kozhikode-to-thiruvananthapuram,Kozhikode to Thiruvananthapuram
A1 Travels,Bharat Benz A/C Sleeper (2+1),23:30,08:00,08h 30m,INR 1000,18 Seats available,"2.4
22",https://www.redbus.in/bus-tickets/kozhikode-to-thiruvananthapuram,Kozhikode to Thiruvananthapuram
Agney Travels,VE A/C Seater / Sleeper (2+1),23:55,09:55,10h 00m,700,31 Seats available,3.8,https://www.redbus.in/bus-tickets/kozhikode-to-thiruvananthapuram,Kozhikode to Thiruvananthapuram
A1 Travels,NON A/C Semi Sleeper (2+2),21:00,06:00,09h 00m,INR 600,22 Seats available,"2.9
135",https://www.redbus.in/bus-tickets/kozhikode-to-thiruvananthapuram,Kozhikode to Thiruvananthapuram
Madhavi Travels,Volvo Multi-Axle I-Shift B11R Semi Sleeper (2+2),23:30,07:30,08h 00m,949,37 Seats available,3.3,https://www.redbus.in/bus-tickets/kozhikode-to-thiruvananthapuram,Kozhikode to Thiruvananthapuram
KSRTC (Kerala) - 1164,Super Fast Non AC Seater (2+3),12:02,18:35,06h 33m,INR 273,33 Seats available,"4.0
13",https://www.redbus.in/bus-tickets/mysore-to-kozhikode,Mysore to Kozhikode
KSRTC (Kerala) - 814,Super Fast Non AC Seater (2+3),13:25,19:15,05h 50m,INR 285,43 Seats available,"3.9
5",https://www.redbus.in/bus-tickets/mysore-to-kozhikode,Mysore to Kozhikode
KSRTC (Kerala) - 1129,Super Fast Non AC Seater (2+3),14:01,20:16,06h 15m,INR 273,42 Seats available,"2.5
9",https://www.redbus.in/bus-tickets/mysore-to-kozhikode,Mysore to Kozhikode
KSRTC (Kerala) - 567,Super Express Non AC Seater Air Bus (2+2),14:46,20:45,05h 59m,INR 306,28 Seats available,"2.9
5",https://www.redbus.in/bus-tickets/mysore-to-kozhikode,Mysore to Kozhikode
KSRTC (Kerala) - 52,SWIFT-GARUDA A/C SEATER BUS,14:50,19:55,05h 05m,INR 391,9 Seats available,"1.8
9",https://www.redbus.in/bus-tickets/mysore-to-kozhikode,Mysore to Kozhikode
KSRTC (Kerala) - 1193,Super Fast Non AC Seater (2+3),15:45,21:35,05h 50m,INR 285,33 Seats available,"4.6
12",https://www.redbus.in/bus-tickets/mysore-to-kozhikode,Mysore to Kozhikode
KSRTC (Kerala) - 1378,AC MULTI AXLE,16:20,21:25,05h 05m,INR 494,6 Seats available,4.0,https://www.redbus.in/bus-tickets/mysore-to-kozhikode,Mysore to Kozhikode
KSRTC (Kerala) - 712,Super Fast Non AC Seater (2+3),16:45,22:30,05h 45m,INR 285,46 Seats available,"3.4
9",https://www.redbus.in/bus-tickets/mysore-to-kozhikode,Mysore to Kozhikode
KSRTC (Kerala) - 798,Super Fast Non AC Seater (2+3),17:00,23:00,06h 00m,INR 285,45 Seats available,4.0,https://www.redbus.in/bus-tickets/mysore-to-kozhikode,Mysore to Kozhikode
KSRTC (Kerala) - 129,SWIFT-GARUDA A/C SEATER BUS,17:30,22:50,05h 20m,INR 391,30 Seats available,"2.7
7",https://www.redbus.in/bus-tickets/mysore-to-kozhikode,Mysore to Kozhikode
KSRTC (Kerala) - 235,Swift Deluxe Non AC Air Bus (2+2),17:30,00:01,06h 31m,INR 398,21 Seats available,4.0,https://www.redbus.in/bus-tickets/mysore-to-kozhikode,Mysore to Kozhikode
KSRTC (Kerala) - 370,AC MULTI AXLE,18:00,22:20,04h 20m,INR 494,9 Seats available,"3.8
7",https://www.redbus.in/bus-tickets/mysore-to-kozhikode,Mysore to Kozhikode
KSRTC (Kerala) - 793,Super Fast Non AC Seater (2+3),18:30,00:00,05h 30m,INR 285,43 Seats available,"4.3
5",https://www.redbus.in/bus-tickets/mysore-to-kozhikode,Mysore to Kozhikode
KSRTC (Kerala) - 97,Swift Deluxe Non AC Air Bus (2+2),18:51,00:50,05h 59m,INR 356,13 Seats available,4.0,https://www.redbus.in/bus-tickets/mysore-to-kozhikode,Mysore to Kozhikode
KSRTC (Kerala) - 171,Swift Deluxe Non AC Air Bus (2+2),19:10,01:20,06h 10m,INR 419,13 Seats available,4.0,https://www.redbus.in/bus-tickets/mysore-to-kozhikode,Mysore to Kozhikode
KSRTC (Kerala) - 553,Super Express Non AC Seater Air Bus (2+2),19:50,01:25,05h 35m,INR 419,6 Seats available,4.0,https://www.redbus.in/bus-tickets/mysore-to-kozhikode,Mysore to Kozhikode
KSRTC (Kerala) - 51,Swift Deluxe Non AC Air Bus (2+2),21:50,04:24,06h 34m,INR 419,27 Seats available,"3.6
15",https://www.redbus.in/bus-tickets/mysore-to-kozhikode,Mysore to Kozhikode
KSRTC (Kerala) - 789,Super Fast Non AC Seater (2+3),22:30,04:25,05h 55m,INR 473,15 Seats available,4.0,https://www.redbus.in/bus-tickets/mysore-to-kozhikode,Mysore to Kozhikode
KSRTC (Kerala) - 1077,Super Fast Non AC Seater (2+3),22:30,05:50,07h 20m,INR 319,44 Seats available,"4.4
23",https://www.redbus.in/bus-tickets/mysore-to-kozhikode,Mysore to Kozhikode
KSRTC (Kerala) - 1585,Super Express Non AC Seater Air Bus (2+2),23:36,05:36,06h 00m,INR 419,14 Seats available,"4.2
4",https://www.redbus.in/bus-tickets/mysore-to-kozhikode,Mysore to Kozhikode
LIYAS TOURS,Bharat Benz A/C Sleeper (2+1),17:25,23:05,05h 40m,INR 499,20 Seats available,"4.6
35",https://www.redbus.in/bus-tickets/mysore-to-kozhikode,Mysore to Kozhikode
Suraj Holidays,NON AC Seater / Sleeper 2+1,23:00,06:00,07h 00m,INR 750,26 Seats available,"4.2
10",https://www.redbus.in/bus-tickets/mysore-to-kozhikode,Mysore to Kozhikode
NS Transports,Non A/C Seater / Sleeper (2+1),00:10,06:10,06h 00m,INR 749,26 Seats available,4.2,https://www.redbus.in/bus-tickets/mysore-to-kozhikode,Mysore to Kozhikode
NS Transports,Non A/C Seater / Sleeper (2+1),00:30,06:30,06h 00m,INR 749,23 Seats available,4.2,https://www.redbus.in/bus-tickets/mysore-to-kozhikode,Mysore to Kozhikode
National travels and logistics,NON A/C Sleeper (2+1),00:40,06:30,05h 50m,INR 699,21 Seats available,3.4,https://www.redbus.in/bus-tickets/mysore-to-kozhikode,Mysore to Kozhikode
DLT BUS,A/C Sleeper (2+1),22:30,05:30,07h 00m,INR 900,15 Seats available,"4.0
155",https://www.redbus.in/bus-tickets/bangalore-to-kalpetta,Bangalore to Kalpetta (kerala)
MMK Travels,A/C Seater / Sleeper (2+1),22:30,05:30,07h 00m,INR 750,26 Seats available,"4.2
89",https://www.redbus.in/bus-tickets/bangalore-to-kalpetta,Bangalore to Kalpetta (kerala)
DLT BUS,A/C Sleeper (2+1),22:30,05:20,06h 50m,INR 900,15 Seats available,"4.5
61",https://www.redbus.in/bus-tickets/bangalore-to-kalpetta,Bangalore to Kalpetta (kerala)
Suraj Holidays,VE A/C Sleeper (2+1),22:30,06:15,07h 45m,INR 900,16 Seats available,"4.6
51",https://www.redbus.in/bus-tickets/bangalore-to-kalpetta,Bangalore to Kalpetta (kerala)
Kyros Connect,Bharat Benz A/C Semi Sleeper (2+2),23:00,07:20,08h 20m,INR 699,33 Seats available,"4.2
68",https://www.redbus.in/bus-tickets/bangalore-to-kalpetta,Bangalore to Kalpetta (kerala)
Kyros Connect,Bharat Benz A/C Semi Sleeper (2+2),23:00,07:30,08h 30m,INR 699,33 Seats available,"3.9
92",https://www.redbus.in/bus-tickets/bangalore-to-kalpetta,Bangalore to Kalpetta (kerala)
Kallada Travels (Suresh Kallada),A/C Sleeper (2+1),22:00,05:25,07h 25m,INR 800,19 Seats available,"4.0
60",https://www.redbus.in/bus-tickets/bangalore-to-kalpetta,Bangalore to Kalpetta (kerala)
SURAJ TRAVEL HOUSE,VE A/C Seater / Sleeper (2+1),21:00,05:15,08h 15m,600,28 Seats available,"4.2
23",https://www.redbus.in/bus-tickets/bangalore-to-kalpetta,Bangalore to Kalpetta (kerala)
FAST LINE BUS,A/C Sleeper (2+1),21:15,04:00,06h 45m,INR 2699,34 Seats available,New,https://www.redbus.in/bus-tickets/bangalore-to-kalpetta,Bangalore to Kalpetta (kerala)
Suraj Holidays,VE A/C Sleeper (2+1),22:30,06:15,07h 45m,INR 900,18 Seats available,"4.3
38",https://www.redbus.in/bus-tickets/bangalore-to-kalpetta,Bangalore to Kalpetta (kerala)
KSRTC (Kerala) - 1886,Low Floor AC Seater 2+2,11:00,21:20,10h 20m,INR 723,7 Seats available,3.0,https://www.redbus.in/bus-tickets/thiruvananthapuram-to-kozhikode,Thiruvananthapuram to Kozhikode
KSRTC (Kerala) - 1867,Low Floor AC Seater 2+2,12:00,22:00,10h 00m,INR 742,1 Seat available,3.0,https://www.redbus.in/bus-tickets/thiruvananthapuram-to-kozhikode,Thiruvananthapuram to Kozhikode
KSRTC (Kerala) - 1877,Low Floor AC Seater 2+2,13:00,23:20,10h 20m,INR 723,9 Seats available,3.0,https://www.redbus.in/bus-tickets/thiruvananthapuram-to-kozhikode,Thiruvananthapuram to Kozhikode
KSRTC (Kerala) - 588,Super Express Non AC Seater Air Bus (2+2),13:32,00:00,10h 28m,INR 555,20 Seats available,3.0,https://www.redbus.in/bus-tickets/thiruvananthapuram-to-kozhikode,Thiruvananthapuram to Kozhikode
KSRTC (Kerala) - 2367,Low Floor AC Seater 2+2,14:00,00:30,10h 30m,INR 742,8 Seats available,3.0,https://www.redbus.in/bus-tickets/thiruvananthapuram-to-kozhikode,Thiruvananthapuram to Kozhikode
KSRTC (Kerala) - 1211,AC MULTI AXLE,14:15,00:05,09h 50m,INR 1417,4 Seats available,"3.8
5",https://www.redbus.in/bus-tickets/thiruvananthapuram-to-kozhikode,Thiruvananthapuram to Kozhikode
KSRTC (Kerala) - 2388,Low Floor AC Seater 2+2,15:00,01:30,10h 30m,INR 723,12 Seats available,3.0,https://www.redbus.in/bus-tickets/thiruvananthapuram-to-kozhikode,Thiruvananthapuram to Kozhikode
KSRTC (Kerala) - 1106,SWIFT-HYBRID NON AC SEATER CUM SLEEPER,15:30,02:50,11h 20m,INR 729,2 Seats available,3.0,https://www.redbus.in/bus-tickets/thiruvananthapuram-to-kozhikode,Thiruvananthapuram to Kozhikode
KSRTC (Kerala) - 486,Super Express Non AC Seater Air Bus (2+2),15:45,00:30,08h 45m,INR 586,33 Seats available,"3.5
5",https://www.redbus.in/bus-tickets/thiruvananthapuram-to-kozhikode,Thiruvananthapuram to Kozhikode
KSRTC (Kerala) - 1882,Low Floor AC Seater 2+2,16:00,02:30,10h 30m,INR 742,30 Seats available,3.0,https://www.redbus.in/bus-tickets/thiruvananthapuram-to-kozhikode,Thiruvananthapuram to Kozhikode
KSRTC (Kerala) - 1377,AC MULTI AXLE,16:01,02:20,10h 19m,INR 1376,14 Seats available,3.0,https://www.redbus.in/bus-tickets/thiruvananthapuram-to-kozhikode,Thiruvananthapuram to Kozhikode
KSRTC (Kerala) - 667,Super Fast Non AC Seater (2+3),16:15,02:30,10h 15m,INR 477,22 Seats available,3.0,https://www.redbus.in/bus-tickets/thiruvananthapuram-to-kozhikode,Thiruvananthapuram to Kozhikode
KSRTC (Kerala) - 862,Super Fast Non AC Seater (2+3),16:20,04:40,12h 20m,INR 502,50 Seats available,3.0,https://www.redbus.in/bus-tickets/thiruvananthapuram-to-kozhikode,Thiruvananthapuram to Kozhikode
KSRTC (Kerala) - 1842,Low Floor AC Seater 2+2,17:00,03:10,10h 10m,INR 723,31 Seats available,3.0,https://www.redbus.in/bus-tickets/thiruvananthapuram-to-kozhikode,Thiruvananthapuram to Kozhikode
KSRTC (Kerala) - 431,Super Fast Non AC Seater (2+3),17:15,04:45,11h 30m,INR 515,12 Seats available,3.0,https://www.redbus.in/bus-tickets/thiruvananthapuram-to-kozhikode,Thiruvananthapuram to Kozhikode
BLM Transports,A/C Sleeper (2+1),20:15,05:00,08h 45m,1264,10 Seats available,"4.4
102",https://www.redbus.in/bus-tickets/thiruvananthapuram-to-kozhikode,Thiruvananthapuram to Kozhikode
Madhavi Travels,A/C Sleeper (2+1),19:50,04:30,08h 40m,INR 1099,13 Seats available,"4.3
68",https://www.redbus.in/bus-tickets/thiruvananthapuram-to-kozhikode,Thiruvananthapuram to Kozhikode
A1 Travels,NON A/C Semi Sleeper (2+2),21:00,06:30,09h 30m,INR 600,28 Seats available,"3.3
82",https://www.redbus.in/bus-tickets/thiruvananthapuram-to-kozhikode,Thiruvananthapuram to Kozhikode
A1 Travels,Bharat Benz A/C Sleeper (2+1),19:00,04:00,09h 00m,INR 1300,8 Seats available,"3.1
22",https://www.redbus.in/bus-tickets/thiruvananthapuram-to-kozhikode,Thiruvananthapuram to Kozhikode
A1 Travels,Bharat Benz A/C Seater /Sleeper (2+1),20:30,05:00,08h 30m,INR 750,22 Seats available,"2.5
62",https://www.redbus.in/bus-tickets/thiruvananthapuram-to-kozhikode,Thiruvananthapuram to Kozhikode
KSRTC (Kerala) - 2371,Low Floor AC Seater 2+2,10:30,13:35,03h 05m,INR 253,13 Seats available,3.4,https://www.redbus.in/bus-tickets/kozhikode-to-thrissur,Kozhikode to Thrissur
KSRTC (Kerala) - 822,Super Fast Non AC Seater (2+3),10:45,14:20,03h 35m,INR 181,43 Seats available,3.4,https://www.redbus.in/bus-tickets/kozhikode-to-thrissur,Kozhikode to Thrissur
KSRTC (Kerala) - 773,Super Fast Non AC Seater (2+3),10:55,14:10,03h 15m,INR 181,38 Seats available,3.4,https://www.redbus.in/bus-tickets/kozhikode-to-thrissur,Kozhikode to Thrissur
KSRTC (Kerala) - 755,Super Fast Non AC Seater (2+3),11:15,14:55,03h 40m,INR 181,45 Seats available,3.4,https://www.redbus.in/bus-tickets/kozhikode-to-thrissur,Kozhikode to Thrissur
KSRTC (Kerala) - 2390,Low Floor AC Seater 2+2,11:30,14:45,03h 15m,INR 253,23 Seats available,3.4,https://www.redbus.in/bus-tickets/kozhikode-to-thrissur,Kozhikode to Thrissur
KSRTC (Kerala) - 324,Super Fast Non AC Seater (2+3),11:35,15:05,03h 30m,INR 181,45 Seats available,3.4,https://www.redbus.in/bus-tickets/kozhikode-to-thrissur,Kozhikode to Thrissur
KSRTC (Kerala) - 1118,Super Fast Non AC Seater (2+3),11:50,15:20,03h 30m,INR 181,47 Seats available,3.4,https://www.redbus.in/bus-tickets/kozhikode-to-thrissur,Kozhikode to Thrissur
KSRTC (Kerala) - 1023,Super Fast Non AC Seater (2+3),12:40,15:55,03h 15m,INR 174,39 Seats available,3.4,https://www.redbus.in/bus-tickets/kozhikode-to-thrissur,Kozhikode to Thrissur
KSRTC (Kerala) - 991,Super Fast Non AC Seater (2+3),12:50,17:05,04h 15m,INR 174,41 Seats available,3.4,https://www.redbus.in/bus-tickets/kozhikode-to-thrissur,Kozhikode to Thrissur
KSRTC (Kerala) - 820,Super Fast Non AC Seater (2+3),12:55,16:30,03h 35m,INR 181,46 Seats available,3.4,https://www.redbus.in/bus-tickets/kozhikode-to-thrissur,Kozhikode to Thrissur
KSRTC (Kerala) - 596,Super Express Non AC Seater Air Bus (2+2),13:40,17:00,03h 20m,INR 201,29 Seats available,3.4,https://www.redbus.in/bus-tickets/kozhikode-to-thrissur,Kozhikode to Thrissur
KSRTC (Kerala) - 427,Super Fast Non AC Seater (2+3),13:55,17:55,04h 00m,INR 181,48 Seats available,3.4,https://www.redbus.in/bus-tickets/kozhikode-to-thrissur,Kozhikode to Thrissur
KSRTC (Kerala) - 2896,Low Floor AC Seater 2+2,14:00,17:20,03h 20m,INR 253,15 Seats available,3.4,https://www.redbus.in/bus-tickets/kozhikode-to-thrissur,Kozhikode to Thrissur
KSRTC (Kerala) - 2369,Low Floor AC Seater 2+2,14:30,17:50,03h 20m,INR 253,6 Seats available,"3.8
5",https://www.redbus.in/bus-tickets/kozhikode-to-thrissur,Kozhikode to Thrissur
KSRTC (Kerala) - 993,Super Fast Non AC Seater (2+3),14:50,19:00,04h 10m,INR 174,35 Seats available,3.4,https://www.redbus.in/bus-tickets/kozhikode-to-thrissur,Kozhikode to Thrissur
KSRTC (Kerala) - 2818,Super Fast Non AC Seater (2+3),15:00,18:30,03h 30m,INR 181,49 Seats available,3.4,https://www.redbus.in/bus-tickets/kozhikode-to-thrissur,Kozhikode to Thrissur
KSRTC (Kerala) - 2810,Super Fast Non AC Seater (2+3),15:25,19:00,03h 35m,INR 181,48 Seats available,3.4,https://www.redbus.in/bus-tickets/kozhikode-to-thrissur,Kozhikode to Thrissur
KSRTC (Kerala) - 2391,Low Floor AC Seater 2+2,15:30,18:50,03h 20m,INR 253,25 Seats available,"4.1
4",https://www.redbus.in/bus-tickets/kozhikode-to-thrissur,Kozhikode to Thrissur
KSRTC (Kerala) - 720,Super Fast Non AC Seater (2+3),15:40,19:35,03h 55m,INR 181,48 Seats available,3.4,https://www.redbus.in/bus-tickets/kozhikode-to-thrissur,Kozhikode to Thrissur
KSRTC (Kerala) - 758,Super Fast Non AC Seater (2+3),15:45,19:20,03h 35m,INR 181,36 Seats available,3.4,https://www.redbus.in/bus-tickets/kozhikode-to-thrissur,Kozhikode to Thrissur
Blue Bird Travels,A/C Seater Push Back (2+2),21:40,01:00,03h 20m,INR 849,36 Seats available,3.1,https://www.redbus.in/bus-tickets/kozhikode-to-thrissur,Kozhikode to Thrissur
Arjun Holidays,A/C Seater Push Back (2+2),21:50,01:15,03h 25m,INR 749,21 Seats available,3.7,https://www.redbus.in/bus-tickets/kozhikode-to-thrissur,Kozhikode to Thrissur
BLM Transports,A/C Sleeper (2+1),22:00,01:00,03h 00m,979,16 Seats available,3.9,https://www.redbus.in/bus-tickets/kozhikode-to-thrissur,Kozhikode to Thrissur
EMERALD TRAVELS,Bharat Benz A/C Semi Sleeper (2+2),22:10,00:30,02h 20m,INR 762,37 Seats available,3.0,https://www.redbus.in/bus-tickets/kozhikode-to-thrissur,Kozhikode to Thrissur
Madhavi Travels,A/C Sleeper (2+1),22:20,01:10,02h 50m,INR 1499,15 Seats available,3.9,https://www.redbus.in/bus-tickets/kozhikode-to-thrissur,Kozhikode to Thrissur
KSRTC (Kerala) - 755,Super Fast Non AC Seater (2+3),11:15,18:15,07h 00m,INR 332,41 Seats available,2.5,https://www.redbus.in/bus-tickets/kozhikode-to-kottayam,Kozhikode to Kottayam
KSRTC (Kerala) - 2390,Low Floor AC Seater 2+2,11:30,18:50,07h 20m,INR 475,6 Seats available,2.5,https://www.redbus.in/bus-tickets/kozhikode-to-kottayam,Kozhikode to Kottayam
KSRTC (Kerala) - 324,Super Fast Non AC Seater (2+3),11:35,18:25,06h 50m,INR 332,46 Seats available,2.5,https://www.redbus.in/bus-tickets/kozhikode-to-kottayam,Kozhikode to Kottayam
KSRTC (Kerala) - 1118,Super Fast Non AC Seater (2+3),11:50,19:00,07h 10m,INR 332,47 Seats available,2.5,https://www.redbus.in/bus-tickets/kozhikode-to-kottayam,Kozhikode to Kottayam
KSRTC (Kerala) - 1023,Super Fast Non AC Seater (2+3),12:40,19:15,06h 35m,INR 323,41 Seats available,2.5,https://www.redbus.in/bus-tickets/kozhikode-to-kottayam,Kozhikode to Kottayam
KSRTC (Kerala) - 820,Super Fast Non AC Seater (2+3),12:55,20:10,07h 15m,INR 332,43 Seats available,2.5,https://www.redbus.in/bus-tickets/kozhikode-to-kottayam,Kozhikode to Kottayam
KSRTC (Kerala) - 766,Super Fast Non AC Seater (2+3),14:35,22:05,07h 30m,INR 332,50 Seats available,2.5,https://www.redbus.in/bus-tickets/kozhikode-to-kottayam,Kozhikode to Kottayam
KSRTC (Kerala) - 2568,Super Fast Non AC Seater (2+3),15:30,22:45,07h 15m,INR 332,50 Seats available,2.5,https://www.redbus.in/bus-tickets/kozhikode-to-kottayam,Kozhikode to Kottayam
KSRTC (Kerala) - 2391,Low Floor AC Seater 2+2,15:30,22:30,07h 00m,INR 475,22 Seats available,2.5,https://www.redbus.in/bus-tickets/kozhikode-to-kottayam,Kozhikode to Kottayam
KSRTC (Kerala) - 758,Super Fast Non AC Seater (2+3),15:45,22:45,07h 00m,INR 332,37 Seats available,2.5,https://www.redbus.in/bus-tickets/kozhikode-to-kottayam,Kozhikode to Kottayam
KSRTC (Kerala) - 726,Super Fast Non AC Seater (2+3),17:00,00:05,07h 05m,INR 332,50 Seats available,"1.6
4",https://www.redbus.in/bus-tickets/kozhikode-to-kottayam,Kozhikode to Kottayam
KSRTC (Kerala) - 1862,Low Floor AC Seater 2+2,17:30,00:25,06h 55m,INR 475,13 Seats available,"2.1
7",https://www.redbus.in/bus-tickets/kozhikode-to-kottayam,Kozhikode to Kottayam
KSRTC (Kerala) - 48,Swift Deluxe Non AC Air Bus (2+2),19:00,00:40,05h 40m,INR 381,6 Seats available,"3.2
5",https://www.redbus.in/bus-tickets/kozhikode-to-kottayam,Kozhikode to Kottayam
KSRTC (Kerala) - 2372,Low Floor AC Seater 2+2,19:30,01:10,05h 40m,INR 475,12 Seats available,2.5,https://www.redbus.in/bus-tickets/kozhikode-to-kottayam,Kozhikode to Kottayam
KSRTC (Kerala) - 1506,Super Fast Non AC Seater (2+3),20:30,04:00,07h 30m,INR 332,46 Seats available,2.5,https://www.redbus.in/bus-tickets/kozhikode-to-kottayam,Kozhikode to Kottayam
KSRTC (Kerala) - 567,Super Express Non AC Seater Air Bus (2+2),20:45,04:05,07h 20m,INR 360,32 Seats available,2.5,https://www.redbus.in/bus-tickets/kozhikode-to-kottayam,Kozhikode to Kottayam
KSRTC (Kerala) - 1378,AC MULTI AXLE,21:25,03:55,06h 30m,INR 606,9 Seats available,2.5,https://www.redbus.in/bus-tickets/kozhikode-to-kottayam,Kozhikode to Kottayam
KSRTC (Kerala) - 3043,Low Floor AC Seater 2+2,21:31,04:06,06h 35m,INR 475,18 Seats available,2.5,https://www.redbus.in/bus-tickets/kozhikode-to-kottayam,Kozhikode to Kottayam
KSRTC (Kerala) - 344,Super Fast Non AC Seater (2+3),21:45,04:25,06h 40m,INR 332,31 Seats available,"2.8
4",https://www.redbus.in/bus-tickets/kozhikode-to-kottayam,Kozhikode to Kottayam
KSRTC (Kerala) - 1100,AC MULTI AXLE,22:05,03:25,05h 20m,INR 606,16 Seats available,2.5,https://www.redbus.in/bus-tickets/kozhikode-to-kottayam,Kozhikode to Kottayam
Sonia Travels,A/C Seater/Sleeper (2+1),23:30,06:15,06h 45m,INR 750,13 Seats available,"4.3
4",https://www.redbus.in/bus-tickets/kozhikode-to-kottayam,Kozhikode to Kottayam
Madhavi Travels,Volvo Multi-Axle I-Shift B11R Semi Sleeper (2+2),23:30,04:50,05h 20m,949,41 Seats available,3.9,https://www.redbus.in/bus-tickets/kozhikode-to-kottayam,Kozhikode to Kottayam
Madhavi Travels,A/C Sleeper (2+1),23:30,06:00,06h 30m,INR 999,12 Seats available,3.9,https://www.redbus.in/bus-tickets/kozhikode-to-kottayam,Kozhikode to Kottayam
A1 Travels,A/C Seater / Sleeper (2+1),20:05,03:00,06h 55m,INR 700,27 Seats available,"4.1
20",https://www.redbus.in/bus-tickets/kozhikode-to-kottayam,Kozhikode to Kottayam
EMERALD TRAVELS,Bharat Benz A/C Semi Sleeper (2+2),22:10,03:30,05h 20m,INR 762,31 Seats available,"3.2
6",https://www.redbus.in/bus-tickets/kozhikode-to-kottayam,Kozhikode to Kottayam
Sonia Travels,A/C Seater/Sleeper (2+1),19:10,02:29,07h 19m,INR 750,8 Seats available,4.0,https://www.redbus.in/bus-tickets/kottayam-to-kozhikode,Kottayam to Kozhikode
Sonia Travels,A/C Semi Sleeper (2+2),18:30,02:30,08h 00m,INR 700,14 Seats available,4.0,https://www.redbus.in/bus-tickets/kottayam-to-kozhikode,Kottayam to Kozhikode
Madhavi Travels,A/C Sleeper (2+1),19:00,03:00,08h 00m,INR 999,23 Seats available,3.9,https://www.redbus.in/bus-tickets/kottayam-to-kozhikode,Kottayam to Kozhikode
Madhavi Travels,Volvo Multi-Axle I-Shift B11R Semi Sleeper (2+2),23:59,04:30,04h 31m,INR 999,43 Seats available,3.9,https://www.redbus.in/bus-tickets/kottayam-to-kozhikode,Kottayam to Kozhikode
Ubc travels,A/C Semi Sleeper (2+2),17:30,01:00,07h 30m,INR 900,29 Seats available,3.7,https://www.redbus.in/bus-tickets/kottayam-to-kozhikode,Kottayam to Kozhikode
Ubc travels,A/C Seater/Sleeper (2+1),18:00,03:00,09h 00m,INR 1100,16 Seats available,3.7,https://www.redbus.in/bus-tickets/kottayam-to-kozhikode,Kottayam to Kozhikode
Kallada Travels (Suresh Kallada),A/C Sleeper (2+1),18:15,01:25,07h 10m,INR 1100,16 Seats available,3.1,https://www.redbus.in/bus-tickets/kottayam-to-kozhikode,Kottayam to Kozhikode
A1 Travels,A/C Seater / Sleeper (2+1),23:59,07:00,07h 01m,INR 800,25 Seats available,"2.2
16",https://www.redbus.in/bus-tickets/kottayam-to-kozhikode,Kottayam to Kozhikode
EMERALD TRAVELS,A/C Sleeper (2+1),23:00,04:30,05h 30m,INR 1200,9 Seats available,3.2,https://www.redbus.in/bus-tickets/kottayam-to-kozhikode,Kottayam to Kozhikode
Jacobs Travels,A/C Semi Sleeper (2+2),18:30,02:30,08h 00m,INR 800,31 Seats available,3.0,https://www.redbus.in/bus-tickets/kottayam-to-kozhikode,Kottayam to Kozhikode
